oba	melko	Adv	Pcle
lesba	lesbo	N	N
baicca	miellummin	Adv	Adv
nákca	kyky	N	N
dáidda	taide	N	N
govvadáidda	kuvataide	N	N
báktedáidda	kivitaide	N	N
váidda	syyttää	N	V
gieldda	kielto	N	N
vuođđojurdda	periaate	N	N
duovdda	alue	N	N
stipeanda	stipendi	N	N
oahppostipeanda	opiskelijastipendi	N	N
foanda	rahasto	N	N
ovddidanfoanda	kehitysrahasto	N	N
kulturfoanda	kulttuurirahasto	N	N
metoda	metodi	N	N
čearda	laji&	N	N
standárda	standardi	N	N
miljárda	miljardi	Num	Num& N
stáda	valtio	N	N
dáiddamusea	taidemuseo	N	N
paragráfa	pykälä	N	N
ulbmilparagráfa	tavoitepykälä	N	N
haga	ilman	Po	Po
dađistaga	pikku hiljaa	Adv	Adv
álgga	aloite	N	N
vuosteágga	vasta-argumentti	N	N
čielga	selkeä	Adv	A
njuolga	suora	Adv	A
válga	vaali	N	N
stuorradiggeválga	suurkäräjävaalit	N	Npl
sámediggeválga	saamelaiskäräjien vaalit	N	Npl
dialoga	vuoropuhelu& dialogi	N	N
lága	laki	N	N
media	media	N	N
šládja	laji	N	N
bibliografiija	bibliografia	N	N
strategiija	strategia	N	N
terminologiija	terminologia	N	N
teknologiija	teknologia	N	N
energiija	energia	N	N
ekonomiija	talous	N	N
kopiija	moniste	N	N
friija	vapaa	A	A& N
demokratiija	demokratia	N	N
doaibmadoarjja	toimeentulotuki	N	N
ruhtadoarjja	rahatuki	N	N
stáhtadoarjja	valtiontuki	N	N
prošeaktadoarjja	projektihakemus	N	N
vuođđodoarjja	kariutua	N	V
árja	energia	N	N
ája	lähde	N	N
sierrabibliotehka	erikoiskirjasto	N	N
giellaláhka	kielilaki	N	N
minerálaláhka	mineraalilaki	N	N
báikenammaláhka	paikannimilaki	N	N
olmmošvuoigatvuođaláhka	ihmisoikeuslaki	N	N
mánáidgárdeláhka	lastentarhalaki	N	N
sámeláhka	saamelaislaki	N	N
hálddašanláhka	hallintolaki	N	N
huksenláhka	rakentamislaki	N	N
eanavuovdinláhka	maanmyyntilaki	N	N
boazodoalloláhka	poronhoitolaki	N	N
vuođđoláhka	perustuslaki	N	N
oahpahusláhka	opetuslaki	N	N
skuvlaseahkka	koulureppu	N	N
replihkka	repliikki	N	N
politihkka	politiikka	N	N
nuoraidpolitihkka	nuorisopolitiikka	N	N
sámepolitihkka	saamelaispolitiikka	N	N
dáruiduhttinpolitihkka	norjalaistamispolitiikka	N	N
boazodoallopolitihkka	poronhoitopolitiikka	N	N
dásseárvopolitihkka	tasa-arvopolitiikka	N	N
kulturpolitihkka	kulttuuripolitiikka	N	N
ealáhuspolitihkka	elinkeinopolitiikka	N	N
guolástuspolitihkka	kalastuspolitiikka	N	N
guovllupolitihkka	aluepolitiikka	N	N
statistihkka	tilasto	N	N
láhkka	lakka	N	N
gaskka	kesken	Po	Po
joatkka	jatko	N	N
ovdamearka	esimerkki	N	N
dovdomearka	tuntomerkki	N	N
mobiila	kännykkä& matkapuhelin	A	N
homofiila	homofiili	N	N
siviila	siviili	A	A& N
tabealla	taulukko	N	N
modealla	malli	N	N
oarjelsámegiella	länsisaame	N	N
nubbingiella	toinen kieli	N	N
unnitlohkogiella	vähemmistökieli	N	N
rolla	rooli	N	N
areála	pinta-ala	N	N
materiála	materiaali	N	N
potensiála	potentiaali	N	N
sosiála	sosiaalinen	A	A
formála	muodollinen	A	A
signála	signaali	N	N
regionála	alueellinen	A	A
nationála	kansallinen	A	A
našunála	kansallinen	A	A
minerála	mineraali	N	N
digitála	digitaalinen	A	A
kapitála	pääoma	N	N
iežaskapitála	pääoma	N	N
individuála	yksilöllinen	A	A
musihkkafestivála	musiikkifestivaali	N	N
museadoaibma	museotoiminta	N	N
kulturdoaibma	kulttuuritoiminta	N	N
ealáhusdoaibma	elinkeinoelämä	N	N
čuolbma	solmu	N	N
tearbma	termi	N	N
norbma	normi	N	N
tema	teema	N	N
rámma	kehys	N	N
bušeahttarámma	budjettiraami	N	N
prográmma	ohjelma	N	N
oasseprográmma	osaohjelma	N	N
dutkanprográmma	tutkimusohjelma	N	N
suopma	suomalainen	N	A
turisma	turismi	N	N
kveana	kveeni	N	N
rutiidna	rutiini	N	N
regiovdna	alue	N	N
miljovdna	miljoona	Num	Num& N
elektrovdna	elektroni	N	N
regiuvdna	alue	N	N
delegašuvdna	valtakunta	N	N
informašuvdna	tiedotus	N	N
organisašuvdna	järjestö	N	N
nuoraidorganisašuvdna	nuorisojärjestö	N	N
kulturorganisašuvdna	kulttuurijärjestö	N	N
innovašuvdna	innovaatio	N	N
kommišuvdna	komissio	N	N
komišuvdna	komissio	N	N
definišuvdna	määritelmä	N	N
posišuvdna	asema	N	N
sekšuvdna	osasto& sektio	N	N
dimenšuvdna	ulottuvuus	N	N
konvenšuvdna	konventio& sopimus	N	N
sámekonvenšuvdna	saamelaiskonventio	N	N
konklušuvdna	päätelmä	N	N
institušuvdna	laitos	N	N
arena	areena	N	N
tonna	tonni	N	N
leatna	lääni	N	N
orgána	elin	N	N
hálddašanorgána	hallintoelin	N	N
ovttasbargoorgána	yhteistyöelin	N	N
plána	suunnitelma	N	N
gielddaplána	kuntasuunnitelma	N	N
doaibmaplána	toimintasuunnitelma	N	N
suodjalanplána	suojelusuunnitelma	N	N
hálddašanplána	hallintosuunnitelma	N	N
oahppa	tieto	N	N
prinsihppa	periaate	N	N
militeara	sotilaallinen	N	A
direktevra	johtaja	N	N
válgastivra	vaalijohtokunta	N	N
giellastivra	kielijohtokunta	N	N
boazodoallostivra	poronhoitojohtokunta	N	N
orohatstivra	aluejohtokunta	N	N
guovllustivra	aluehallitus	N	N
tuvra	retki	N	N
struktuvra	rakenne& struktuuri	N	N
infrastruktuvra	infrastruktuuri	N	N
vuođđostruktuvra	perusrakenne	N	N
sámekultuvra	saamelaiskulttuuri	N	N
eanavuovdinkantuvra	maanmyyntitoimisto	N	N
prosedyra	menetelmä	N	N
seminára	seminaari	N	N
poastaboksa	postilaatikko	N	N
fáksa	faksi	N	N
telefáksa	telefaksi	N	N
konfereansa	konferenssi	N	N
konferánsa	konferenssi	N	N
nuoraidkonferánsa	nuorisokonferenssi	N	N
resursa	resurssi	N	N
luondduresursa	luonnonresurssi	N	N
preassa	lehdistö	N	N
proseassa	prosessi	N	N
plánaproseassa	suunnitteluprosessi	N	N
jassa	lumiläiskä	N	N
analysa	analyysi	N	N
konkrehta	konkreettinen	A	A
identitehta	identiteetti	N	N
friddjavuohta	vapaus	N	N
gaskavuohta	suhde	N	N
girjáivuohta	kirjavuus	N	N
ovttaoaivilvuohta	yksimielisyys	N	N
oadjebasvuohta	turvallisuus	N	N
bargguhisvuohta	työttömyys	N	N
iešmearridanvuoigatvuohta	itsemääräämisoikeus	N	N
geavahanvuoigatvuohta	käyttöoikeus	N	N
oamastanvuoigatvuohta	omistusoikeus	N	N
guolástanvuoigatvuohta	kalastusoikeus	N	N
boazodoallovuoigatvuohta	poronhoito-oikeus	N	N
eamiálbmotvuoigatvuohta	alkuperäiskansaoikeus	N	N
álgoálbmotvuoigatvuohta	alkuperäiskansaoikeus	N	N
olmmošvuoigatvuohta	ihmisoikeus	N	N
guovttegielatvuohta	kaksikielisyys	N	N
boasttuvuohta	vääryys	N	N
čearddalašvuohta	etnisyys	N	N
guovttegielalašvuohta	kaksikielisyys	N	N
ovttamielalašvuohta	yksimielisyys	N	N
gelbbolašvuohta	kelpoisuus& kompetenssi	N	N
ovdánanvejolašvuohta	kehitysmahdollisuus	N	N
almmolašvuohta	julkisuus	N	N
máhtolašvuohta	kelpoisuus	N	N
girjjálašvuohta	kirjallisuus	N	N
čáppagirjjálašvuohta	kaunokirjallisuus	N	N
dilálašvuohta	tilaus	N	N
riektedilálašvuohta	oikeussuhde	N	N
ovttadássásašvuohta	tasa-arvo	N	N
váilevašvuohta	puute	N	N
gullevašvuohta	kuuluisuus	N	N
dearvvašvuohta	terveys	N	N
doarjjaruhta	tukiraha	N	N
prošeaktaruhta	projektiraha	N	N
mandáhta	mandaatti	N	N
notáhta	muistio	N	N
riektesubjeakta	oikeussubjekti	N	N
projeakta	projekti	N	N
prošeakta	projekti	N	N
ovdaprošeakta	esiprojekti	N	N
giellaprošeakta	kieliprojekti	N	N
dutkanprošeakta	tutkimusprojekti	N	N
ovttasbargoprošeakta	yhteistyöprojekti	N	N
presideanta	presidentti	N	N
sámediggepresideanta	saamelaispresidentti	N	N
várrepresideanta	varapresidentti	N	N
pasieanta	potilas	N	N
departemeanta	ministeriö	N	N
energiijadepartemeanta	energiaministeriö	N	N
olgoriikadepartemeanta	ulkoministeriö	N	N
kultuvradepartemeanta	kulttuuriministeriö	N	N
justiisadepartemeanta	oikeusministeriö	N	N
gávpedepartemeanta	kauppaministeriö	N	N
dutkandepartemeanta	tutkimusministeriö	N	N
riddodepartemeanta	rannikkoministeriö	N	N
bargodepartemeanta	työministeriö	N	N
girkodepartemeanta	kirkkoministeriö	N	N
guovlodepartemeanta	alueministeriö	N	N
biebmodepartemeanta	ruokaministeriö	N	N
máhttodepartemeanta	tietoministeriö	N	N
dásseárvodepartemeanta	tasa-arvoministeriö	N	N
kulturdepartemeanta	kulttuuriministeriö	N	N
fuolahusdepartemeanta	sosiaaliministeriö	N	N
guovludepartemeanta	alueministeriö	N	N
bearašdepartemeanta	perheministeriö	N	N
dokumeanta	dokumentti& asiakirja	N	N
departementa	ministeriö	N	N
dutkandepartementa	tutkimusministeriö	N	N
girkodepartementa	kirkkoministeriö	N	N
guovlodepartementa	alueministeriö	N	N
guovludepartementa	alueministeriö	N	N
relevánta	relevantti	A	A
raporta	raportti	N	N
nuorta	itä	N	N
e-poasta	sähköposti	N	N
lista	lista	N	N
láhkateaksta	lakiteksti	N	N
fásta	vakio	A	A
neahtta	netti	N	N
kvaliteahtta	laatu	N	N
bušeahtta	budjetti	N	N
stáhtabušeahtta	valtionbudjetti	N	N
minoritehtta	vähemmistö	N	N
instituhtta	laitos& instituutti	N	N
priváhtta	yksityinen	A	A
ovtta	yhteinen	Adv	A
buvtta	tuote	N	N
arkiiva	arkisto	N	N
negatiiva	negatiivinen	A	A
positiiva	positiivinen	A	A
aktiiva	aktiivinen	A	A
kollektiiva	kollektiivi	N	N
perspektiiva	näkökulma	N	N
ráva	neuvo	N	N
badjebáza	ylijäämä	N	N
badjelbáza	ylijäämä	N	N
ruoŧa	ruotsalainen	A	A
ruoŧŧa	ruotsalainen	N	A
muđuid	muuten	Adv	Adv& Pcle& Interj
omd	esimerkiksi	Adv	Adv
geardde	kerran	Adv	Adv
ovddabealde	etupuolella	Adv	Adv
oarjjabealde	länsipuolella	Adv	Adv
siskkabealde	sisäpuolella	Adv	Adv
vuolábealde	alapuolella	Adv	Adv
lulábealde	eteläpuolella	Adv	Adv
davábealde	pohjoispuolella	Adv	Adv
mihkkege	mitään	Pron	Pron
goassege	koskaan	Adv	Adv
guhtege	jokainen	Pron	Pron
almmatge	kuitenkin	Adv	Pcle
dattetge	kuitenkin	Adv	Pcle
goabbáge	kumpikin	Pron	Pron
dehe	tai	CC	CC& N
die	tuolla	Adv	Adv
ládje	tavalla	Po	Adv
seammaládje	samanlainen	A	A
sihke	sekä	CC	CC
bealle	puoli	N	N
norggabealle	norjan puoli	N	N
sohkabealle	sukupuoli	N	N
olle	kaikki	N	Pron
málle	malli	N	N
fuolaheapme	välinpitämätön	A	A
biire	piiri& paliskunta	N	N
válgabiire	vaalipiiri	N	N
goasse	koskaan	Adv	Adv
dihte	takia	Po	Adv& Po
bakte	kautta	Po	Po
bokte	kautta	Po	Po
dakkaviđe	heti	Adv	Adv
láhkai	tavalla	Po	Adv
nai	myös	Pcle	Pcle
vai	vai	CC	CC
kulturárbi	kulttuuriperinne	N	N
álbmotmeahcci	kansallispuisto	N	N
oahcci	hakija	N	N
oahci	rajoitus	N	N
bargoaddi	työnantaja	N	N
sáttagoddi	valtuusto	N	N
lávdegoddi	lautakunta	N	N
válgalávdegoddi	vaalilautakunta	N	N
fágalávdegoddi	ammattilautakunta	N	N
láhkalávdegoddi	lakilautakunta	N	N
giellalávdegoddi	kielilautakunta	N	N
vuoigatvuođalávdegoddi	oikeuslautakunta	N	N
boraspirelávdegoddi	petoeläinlautakunta	N	N
áššedovdilávdegoddi	asiantuntijalautakunta	N	N
boazoguohtunlávdegoddi	porolaidunlautakunta	N	N
váldolávdegoddi	päälautakunta	N	N
bargolávdegoddi	työlautakunta	N	N
oahppolávdegoddi	opintolautakunta	N	N
kulturlávdegoddi	kulttuurilautakunta	N	N
diggegoddi	käräjäoikeus	N	N
báikegoddi	kylä& paikkakunta	N	N
čoahkkinjođihangoddi	kokousjohtokunta	N	N
čállingoddi	sihteeristö	N	N
plánaeiseváldi	suunnitteluviranomainen	N	N
mearridanváldi	päätösvalta	N	N
áššedovdi	asiantuntija	N	N
goahccevuovdi	havumetsä	N	N
ráfi	rauha	N	N
diggi	käräjät	N	N
boahtteáigi	tulevaisuus	N	N
suorgi	haarauma	N	N
fágasuorgi	ammatti-alue	N	N
vuoruhansuorgi	satsausalue	N	N
bargosuorgi	työllistämiskerroin	N	N
ovddasvástádussuorgi	vastuualue	N	N
servodatsuorgi	yhteiskuntasektori	N	N
álohii	aina	Adv	Adv
belohahkii	osittain	Adv	Adv
badjelii	yli	Adv	Adv
oidnosii	näkyviin	Adv	Adv
namalassii	nimittäin	Adv	Adv
ovddalgihtii	etukäteen	Adv	Adv
vuhtii	vastaan	Adv	Adv
dassážii	siihen asti	Adv	Adv
dássážii	tähän asti	Adv	Adv
mearrideaddji	määräävä	A	A
geavaheaddji	käyttäjä	N	N
gustojeaddji	kelvollinen&	A	A
ovddasteaddji	edustaja	A	N
berošteaddji	kiinnostunut	A	A
riikarádji	valtionraja	N	N
oarji	länsi	N	N
čoahkkingirji	kokouskirja	N	N
válgajahki	vaalivuosi	N	N
logijahki	vuosikymmen	N	N
doaibmavuohki	toimitapa	N	N
eallinvuohki	elämäntapa	N	N
bargovuohki	työtapa	N	N
ovttasbargovuohki	yhteistyömuoto	N	N
láhki	tapa	N	N
ássanbáiki	asuinpaikka	N	N
hearki	herkkä	A	A
riddodorski	rannikkoturska	N	N
lávki	sipuli	N	N
beali	puoli	Po	Pcle& N
sohkabealli	sukupuoli	N	N
boazodoalli	poronhoito	N	N
eallindilli	elämäntilanne	N	N
bargodilli	työolosuhde	N	N
boazodilli	porotilanne	N	N
olli	ulottuvuus	N	N
gulli	kuuntelija	N	N
lulli	etelä	N	N
stáhtačálli	valtionsihteeri	N	N
doaibmi	aktiivinen	A	A
submi	summa	N	N
rievdadeapmi	muutos	N	N
oahpponeavvoráhkadeapmi	opetusmateriaalin tekeminen	N	N
iskkadeapmi	tutkimus	N	N
ruhtadeapmi	rahoitus	N	N
buvttadeapmi	tuotanto	N	N
iešmearrideapmi	itsemäärääminen	N	N
gáržžideapmi	rajoitus	N	N
áššemeannudeapmi	asiankäsittely	N	N
vealaheapmi	sorto	N	N
geavaheapmi	käyttö	N	N
čađaheapmi	läpikäynti	N	N
heiveheapmi	sopeutuminen	N	N
lasiheapmi	lisäys	N	N
váikkuheapmi	vaikutus	N	N
almmuheapmi	julistaminen	N	N
suodjaleapmi	suojelu	N	N
geahččaleapmi	kokeilu& koe	N	N
ovdáneapmi	kehitys	N	N
servodatovdáneapmi	yhteiskuntakehitys	N	N
lassáneapmi	lisäys	N	N
hálddašeapmi	hallinto	N	N
eanahálddašeapmi	maanhallinta	N	N
gávppašeapmi	kaupanteko	N	N
oapmi	omistus	N	N
iešstivrejupmi	autonomia	N	N
bálkkašupmi	palkinto	N	N
mearkkašupmi	merkitys	N	N
fuomášupmi	huomautus, idea	N	N
nuortasápmi	itäsaamelainen	N	N
máttasápmi	eteläsaamelainen	N	N
lullisápmi	eteläsaamelainen	N	N
oarjelsápmi	länsisaamelainen	N	N
ovdamunni	etu	N	N
fylkkamánni	maaherra	N	N
fylkamánni	maaherra	N	N
ámtamánni	maaherra	N	N
dáhpi	tapa	N	N
mearri	määrä	N	N
áigemearri	aikamäärä	N	N
mihttomearri	tavoite	N	N
buorri	hyve	N	N
lassi	lisäys	N	N
siidaoassi	paliskunnan osa	N	N
teakstaoassi	tekstiosa	N	N
eananoassi	maanosa	N	N
váldooassi	valtaosa	N	N
jahkečuohti	vuosisata	N	N
alimusriekti	korkein oikeus	N	N
álbmotriekti	kansanoikeus	N	N
oassálasti	osallistuja	N	N
sihkkarasti	vahvistaa	N	V
sávahahtti	toivottu	A	N
jáhkehahtti	luultavasti	A	Adv
gánnáhahtti	kannattava	A	A
mearkkašahtti	merkityksellinen	A	A
lagabui	lähempi	Adv	A
guvlui	suhteen	Po	Po
ovddosguvlui	eteenpäin	Adv	Adv
ektui	ehdolla	Po	Po
válgabeaivi	vaalipäivä	N	N
árgabeaivi	arkipäivä	N	N
leavgabeaivi	liputuspäivä	N	N
riikkasearvi	maanjärjestö	N	N
davvi	pohjoinen	N	A& N
skovvi	lomake	N	N
sadjái	sijaan	Po	Po
rádjái	asti	Po	Po
dađi	sitä	Adv	Adv
ráđđi	neuvo& neuvosto	N	N
giellaráđđi	kielineuvosto	N	N
stáhtaráđđi	ministeri	N	N
dutkanráđđi	tutkimusneuvosto	N	N
girkoráđđi	kirkkoneuvosto	N	N
kulturráđđi	kulttuurineuvosto	N	N
ovttasráđđi	yhteisneuvo	N	N
oahpahusráđđi	opetusneuvosto	N	N
eamiálbmotášši	alkuperäiskansa-asia	N	N
álgoálbmotášši	alkuperäiskansa-asia	N	N
dal	nyt	Adv	Pcle
artihkal	artikkeli	N	N
gaskal	keskellä	Adv	Adv
kapihtal	kappale	N	N
sámegiel	saamenkielinen	A	A
vuollel	alla	Po	Po
váldoulbmil	päämäärä	N	N
kulturulbmil	kulttuuritavoite	N	N
ovttaoaivil	yhteinen kanta	N	N
maŋŋil	jälkeen	Po	Po
vuođul	perusteella	Po	Po
forum	foorumi	N	N
ohcan	hakemus	N	N
gulaskuddan	kuulustelu	N	N
rievdan	muutos	N	N
dálkkádatrievdan	ilmastomuutos	N	N
ovdan	eteen	Adv	Adv& Po
lágan	sellainen	A	A
earalágan	erilainen	Adv	A
sierralágan	erilainen	A	A
ovttalágan	samanlainen	A	A
earálágan	erilainen	A	A
lohkan	lukeminen	N	N
gaskan	puolivalmis	N	N
iskan	koe	N	N
dutkan	tutkinto, tutkimus	N	N
bagadallan	ohjaus	N	N
šiehtadallan	neuvottelu	N	N
guorahallan	selvitys	N	N
gieđahallan	käsittely	N	N
ságastallan	keskustelu& vuoropuhelu	N	N
digaštallan	väittely& keskustelu	N	N
árvvoštallan	arviointi	N	N
valáštallan	urheilu	N	N
man	kuinka	Adv	Adv& Pron
eanan	maa	N	N
stáhtaeanan	valtionmaa	N	N
guohtuneanan	laidunalue	N	N
siseanan	sisämaa	N	N
beassan	pääsy	N	N
oktan	yhdessä	Adv	Adv
nuortan	idässä	Adv	Adv
njuovvan	teurastus	N	N
vuohččan	ensimmäinen	Adv	Num& N
válljen	valinta	N	N
merken	merkintä	N	N
hábmen	muotoilu	N	N
eksámen	tentti	N	N
plánen	suunnittelu	N	N
investeren	investointi	N	N
huksen	rakentaminen	N	N
kárten	kartoittaminen	N	N
birasgáhtten	ympäristösuojelu	N	N
sirdin	siirto	N	N
vuovdin	myynti	N	N
dainnalágiin	sillä tavalla	Adv	Adv
oarjin	lännessä	Adv	Adv
juohkin	jako	N	N
diehtojuohkin	tiedotus	N	N
jahkečoahkkin	vuosikokous	N	N
girkočoahkkin	kirkkokokous	N	N
dievasčoahkkin	täysistunto	N	N
ollesčoahkkin	täysistunto	N	N
eallin	elämä	N	N
bargoeallin	työelämä	N	N
girkoeallin	kirkkoelämä	N	N
kultureallin	kulttuurielämä	N	N
servodateallin	yhteiskuntaelämä	N	N
čállin	kirjoittaminen	N	N
atnin	käyttö	N	N
muhtin	muutama	Pron	Pron
ovdanbuktin	esitys	N	N
oastin	osto	N	N
sihkkarastin	varmistus	N	N
dáruiduhttin	norjalaistuminen	N	N
davvin	pohjoisessa	Adv	Adv
miljon	miljoona	N	N
dulkon	tulkkaus	N	N
dálon	talollinen	N	A& N
rihkkun	pilkku	N	N
geasseguohtun	kesälaidun	N	N
dálveguohtun	talvilaidun	N	N
veadjemeahttun	mahdoton	A	A
sorjjasmeahttun	riippumaton	A	A
dárbbašmeahttun	tarpeeton	A	A
gohččun	kutsu	N	N
dikšun	hoito	N	N
aiddo	juuri	Adv	Pcle& N
dego	kuten	CS	Pcle
báljo	paljon	Adv	Adv
dakko	siinä	Adv	Adv& Pcle
dákko	täällä	Adv	Adv
kruvdno	kruunu	N	N
konto	tili	N	N
duo	tuolla	Adv	Adv
vuođđo	perusta	N	N
sihkar	varma	A	A
registtar	rekisteri	N	N
finánsaministtar	talousministeri	N	N
sámeministtar	saameministeri	N	N
riddoministtar	rannikkoministeri	N	N
guovloministtar	alueministeri	N	N
kulturministtar	kulttuuriministeri	N	N
suodjalusministtar	puolustusministeri	N	N
áššebábir	asiapaperi	N	N
diekkár	tällainen	Pron	A
buhtadas	korvaus	N	N
olgguldas	ulkoinen	A	A
siskkáldas	sisäinen	A	A
lagas	läheinen	A	A
evttohas	ehdokas	N	N
mielas	mielestä	Po	Po
diehttelas	tietysti	Adv	Adv
sierranas	erikseen	A	Adv
biras	ympäristö	N	N
fágabiras	ammattipiiri	N	N
dutkanbiras	tutkimusalue	N	N
kulturbiras	kulttuuripiiri	N	N
várreáirras	varaedustaja	N	N
duođas	todellinen	Adv	A
beales	puolella	Po	Adv
soames	muutama	Pron	Pron
rájis	siitä asti	Adv	Adv
bealis	puolella	Po	Adv
olis	mukaan	Po	Po
rávis	aikuinen	A	A
rievdadus	muutos	N	N
láhkarievdadus	lakimuutos	N	N
bagadus	ohje	N	N
čielggadus	selitys	N	N
giellanjuolggadus	kielisääntö	N	N
váldonjuolggadus	pääsääntö	N	N
šiehtadus	sopimus	N	N
váldošiehtadus	pääsopimus	N	N
ovttasbargošiehtadus	yhteistyösopimus	N	N
boazodoallošiehtadus	poronhoitosopimus	N	N
buhtadus	korvaus	N	N
gielddus	kielto	N	N
mielddus	liite	N	N
vuođđudus	säätiö	N	N
lágádus	kustantamo	N	N
čoahkádus	koostumus	N	N
eahpádus	epäily	N	N
lohpádus	lupaus	N	N
mearrádus	määräys	N	N
láhkamearrádus	lakipäätös	N	N
ovddasvástádus	vastuu	N	N
hálddašanovddasvástádus	hallintovastuu	N	N
boazodoallohálddahus	poronhoitohallinto	N	N
doaimmahus	toimitus	N	N
joatkkaoahpahus	jatkokoulutus	N	N
vuođđooahpahus	perusopetus	N	N
láhkaásahus	määräys	N	N
geavahus	käyttö	N	N
huksehus	rakennus	N	N
hehttehus	este	N	N
vásihus	kokemus	N	N
erohus	ero	N	N
evttohus	ehdotus	N	N
láhkaevttohus	lakiehdotus	N	N
listaevttohus	listaehdokas	N	N
mearrádusevttohus	päätösehdotus	N	N
váikkuhus	vaikutus	N	N
eavttuhus	ehdotus	N	N
ávžžuhus	kehotus	N	N
mátkeealáhus	matkailuelinkeino	N	N
boazoealáhus	poroelinkeino	N	N
vuođđoealáhus	peruselinkeino	N	N
lasáhus	lisäys	N	N
vásáhus	elämys	N	N
dieđáhus	tiedote	N	N
preassadieđáhus	lehdistötiedote	N	N
stuorradiggedieđáhus	hallituksen selonteko eduskunnalle	N	N
jahkedieđáhus	vuosikertomus	N	N
jus	jos	CS	CC
váidalus	valitus	N	N
mánáidsuodjalus	lastensuojelu	N	N
hástalus	haaste	N	N
váldohástalus	päähaaste	N	N
bálvalus	palvelu	N	N
sosiálabálvalus	sosiaalipalvelu	N	N
dearvvašvuođabálvalus	terveyspalvelu	N	N
dulkonbálvalus	tulkkipalvelu	N	N
láhkaárvalus	lakiehdotus	N	N
maŋemus	viimeinen	Adv	A
oainnus	näkyvä	A	A
oainnus	näköala	N	N
stáhtus	status	N	N
ovddastus	edustus	N	N
ođastus	uudistus	N	N
museaođastus	museouudistus	N	N
vuođustus	perusta	N	N
guolástus	kalastus	N	N
nuppástus	muutos	N	N
julggaštus	julistus	N	N
eamiálbmotjulggaštus	alkuperäiskansajulistus	N	N
álgoálbmotjulggaštus	alkuperäiskansajulistus	N	N
beroštus	huoli& kiinnostus	N	N
ráŋggáštus	rangaistus	N	N
dieđus	tietysti	Adv	Adv
vuođus	perusta	N	N
várás	takia	Po	Po
eanadat	maasto	N	N
ovttadat	yksikkö	N	N
doalloovttadat	toimintayksikkö	N	N
mánáidgárdefálaldat	lastentarhatarjonta	N	N
oahppofálaldat	opetustarjonta	N	N
bálvalusfálaldat	palvelutarjonta	N	N
viidodat	pinta-ala	N	N
riggodat	rikkaus	N	N
luondduriggodat	luonnonresurssi	N	N
válgaáigodat	vaalikausi	N	N
bargiidbellodat	työväenpuolue	N	N
opmodat	omistus	N	N
sturrodat	suuruus	N	N
oahpahusossodat	opetusosasto	N	N
servodat	yhteiskunta	N	N
rievdat	muuttaa& muuntaa	V	V
dálkkádat	ilmasto	N	N
fierpmádat	verkosto	N	N
avádat	vyöhyke	N	N
čázádat	vesistö	N	N
viggat	yrittää, pyrkiä	V	V
mealgat	melko	Adv	Pcle
ovttasbargat	tehdä yhteistyötä	V	V
čavgat	kireä	A	A
guoskat	koskea	V	V
máŋggabealat	monipuolinen	A	A
guovttegielat	kaksikielinen	A	A
bagadallat	ohjata	V	V
šiehtadallat	neuvotella	V	V
vihkkedallat	pohtia& miettiä	V	V
ráđđádallat	neuvotella	V	V
logahallat	rekisteröidä	V	V
ásahallat	säätää	V	V
sisdoallat	sisältää	V	V
sisttisdoallat	sisältää	V	V
ávkkástallat	hyödyntää& käyttää hyväksi	V	V
digaštallat	keskustella	V	V
digáštallat	keskustella	V	V
biebmat	ruokia	V	V
ilbmat	toimeentulo	V	N
guohtumat	laidunresurssit	N	N
dálveguohtumat	talvilaidun	N	N
soahpat	sopia	V	V
siskkáldasat	sisäisesti	Adv	Adv
juksat	taas	V	Pcle
eanemusat	eniten	Adv	Adv
spiehkastat	poikkeama	N	N
geavat	käyttää	N	V
arvat	paljon	Adv	Adv
arvat	uskaltaa	V	V
geavvat	nousta	V	V
sajáiduvvat	sopeutua	V	V
ođasmuvvat	uusia	V	V
lihkostuvvat	onnistua	V	V
nuppástuvvat	muuttua	V	V
obbalaččat	yleisesti	Adv	Adv
ovttajienalaččat	yksimielisesti	Adv	Adv
aktiivvalaččat	aktiivisesti	Adv	Adv
lunddolaččat	luonnollisesti	Adv	Adv
vejolaččat	mahdollisesti	Adv	Adv
dohkálaččat	kelvollinen	Adv	A
báikkálaččat	paikallisesti	Adv	Adv
gaskamearálaččat	keskimääräisesti	Adv	Adv
goappašat	molemmat	Pron	Pron
eaiggáduššat	omistaa	V	V
áimmahuššat	ylläpitää	V	V
ságaškuššat	keskustella	V	V
nákcet	pystyä	V	V
muddet	oikoa& korjata	V	V
bivdet	pyytää	V	V
bágget	pakottaa	V	V
njulget	oikoa	V	V
čavget	kiristää	V	V
čuvget	ilmoittaa	V	V
máŋget	monistaa	V	V
suddjet	suojella	V	V
ráddjet	rajoittaa	V	V
goiket	kuivata	V	V
čohkket	kerätä	V	V
vurket	säilytä	V	V
hábmet	hahmota	V	V
stipeandaortnet	stipendijärjestelmä	N	N
válgaortnet	vaalijärjestelmä	N	N
doarjjaortnet	tukijärjestelmä	N	N
hálddašanortnet	hallintojärjestelmä	N	N
čoahkkinortnet	päiväjärjestys	N	N
reguleret	säätää	V	V
defineret	määritellä	V	V
integreret	integroida	V	V
formaliseret	formalisoida	V	V
organiseret	järjestää	V	V
konkretiseret	konkretisoida	V	V
raporteret	raportoida	V	V
rekrutteret	rekrytoida	V	V
evalueret	arvioida	V	V
buoret	miellummin& paremmin	Adv	Adv
earret	paitsi	Pr	Po
sirret	jakaa	V	V
várret	varoittaa	V	V
stivret	hallita	V	V
dásset	tasoittaa	V	V
viidáset	eteenpäin	Adv	Adv
iešguhtet	jokainen	Pron	Pron
máhttoloktet	nostaa tietomäärä	V	V
kártet	kartoittaa	V	V
hehttet	estää	V	V
gáhttet	katua	V	V
luvvet	ratkaista	V	V
bláđet	kääntää sivua	V	V
ráđđet	neuvoa	V	V
čuohcit	vaikuttaa	V	V
rievddadit	muuttaa	V	V
bagadit	kasvattaa	V	V
čielggadit	selittää	V	V
juogadit	jakaa	V	V
nammadit	nimittää	V	V
šiehtadit	sopimus	V	N
buhtadit	hyvittää	V	V
duhtadit	tyydyttää	V	V
eastadit	estää	V	V
buvttadit	tuottaa	V	V
geahpedit	keventää	V	V
fievrredit	kuljettaa	V	V
viiddidit	laajentaa	V	V
ovddidit	edistää	V	V
bajidit	nostaa	V	V
guhkidit	pidentää	V	V
dáhkidit	taata	V	N& V
vuolidit	alentaa	V	V
unnidit	vähentää	V	V
eahpidit	epäillä	V	V
geahpidit	keventää	V	V
fievrridit	kuljettaa	V	V
mihtidit	mitata	V	V
deaividit	tapahtua	V	V
govvidit	kuvata	V	V
váidit	valitus	V	N
maŋidit	lykätä	V	V
gáržžidit	rajoittaa	V	V
gieldit	kieltää	V	V
siskkildit	sisältää	V	V
vuhtiiváldit	ottaa huomioon	V	V
vuostáiváldit	ottaa vastaan	V	V
divodit	korjata	V	V
oččodit	yrittää saada	V	V
suokkardit	tutkia	V	V
meannudit	käyttäytyä	V	V
vuođđudit	perustaa	V	V
čiekŋudit	paneutua	V	V
navdit	nimittää& pitää	V	V
čoavdit	ratkaista	V	V
duvdit	tuki	V	V
virgádit	nimittää virkaan	V	V
beaivádit	päivittää	V	V
luobahit	luopua	V	V
máhcahit	palauttaa	V	V
dagahit	aiheuttaa	V	V
vuolggahit	käynnistää	V	V
guoskkahit	koskea	V	V
doalahit	pitää	V	V
olahit	ehtiä	V	V
fuolahit	huolehtia	V	V
gávnnahit	selvittää	V	V
ásahit	järjestää	V	V
čilgehit	selittää	V	V
bissehit	pysäyttää	V	V
vásihit	kokea	V	V
heaittihit	lopettaa	V	V
gozihit	vahtia	V	V
mieđihit	myöntää	V	V
jođihit	johtaa	V	V
seaguhit	sekoittaa	V	V
váikkuhit	vaikuttaa	V	V
seailluhit	säilyttää	V	V
earuhit	erottaa	V	V
vuoruhit	priorisoida	V	V
bisuhit	säilyttää	V	V
deattuhit	painottaa	V	V
muittuhit	muistuttaa	V	V
eavttuhit	ehdottaa	V	V
čuoččuhit	väittää	V	V
bálkáhit	vuokrata	V	V
bajit	ylä-	A	A
guhkit	pidempi	Adv	Adv
álkit	helppo	Adv	A
guoddalit	valittaa	V	V
váidalit	valittaa	V	V
vuovdalit	markkinoida	V	V
suodjalit	suojella	V	V
bálvalit	palvella	V	V
vuolláičállit	allekirjoittaa	V	V
vuolit	alhainen& ala-	A	A
čuovvolit	seurata	V	V
čuovvulit	seurata	V	V
čoahkkanit	kokoontua	V	V
hedjonit	heikentyä	V	V
ovdánit	kehittyä	V	V
geahppánit	keventyä	V	V
lassánit	lisääntyä	V	V
massit	menettää	V	V
ollásit	täydellinen	Adv	A
laktit	monistaa	V	V
boktit	herättää	V	V
ovdanbuktit	esittää	V	V
ovddastit	edustaa	V	V
dovddastit	myöntää	V	V
oasálastit	osallistua	V	V
vuostálastit	vastustaa& protestoida	V	V
fátmmastit	syleillä	V	V
sihkarastit	varmistaa	V	V
sihkkarastit	varmistaa	V	V
deattastit	alleviivata	V	V
ovttastit	yhdistää	V	V
ođastit	uudistaa	V	V
váfistit	vahvistaa	V	V
dárkkistit	tarkistaa	V	V
gárvvistit	valmistaa	V	V
dávistit	vastata	V	V
einnostit	ennustaa	V	V
guolástit	kalastaa	V	V
álkidahttit	yksinkertaistaa	V	V
movttidahttit	innoittaa	V	V
vahágahttit	vahingoittaa	V	V
gudnejahttit	kunnia	V	N
ođasmahttit	päivittää	V	V
nanosmahttit	vahvistaa	V	V
ovdánahttit	kehittää	V	V
sulastahttit	muistuttaa	V	V
buohtastahttit	vertailla	V	V
ovttastahttit	yhdistää	V	V
aiddostahttit	tarkentaa	V	V
ráfáiduhttit	rauhoittaa	V	V
muosehuhttit	häiritä	V	V
nuppástuhttit	muuttaa	V	V
fuomášuhttit	huomauttaa	V	V
válmmaštit	valmentaa	V	V
duođaštit	vahvistaa	V	V
bealuštit	puolustaa	V	V
heađuštit	estää	V	V
vuođuštit	perustella	V	V
ráŋggáštit	rankaista	V	V
láhčit	sijoita	V	V
maŋit	taka-	A	A
hálddašit	hallita	V	V
máinnašit	mainonta	V	N
šállošit	valittaa	V	V
fuomášit	huomata	V	V
earenoamážit	erityisesti	Adv	Adv& Pcle
dárkot	tarkistaa	V	V
sámeálbmot	saamenkansa	N	N
dárkileappot	tarkempi	Adv	A
viidáseappot	edelleen& eteenpäin	Adv	Adv
rahppot	avautua	V	V
orrot	asua	V	V
gustot	pitää	V	V
buorebut	parantaa	Adv	V
hilgut	hylkiä	V	V
njuolgut	suoristaa	V	V
rihkkut	rikkoa	V	V
doalut	pidot	N	N
unnut	vähentyä	V	V
lotnut	maksaa	V	V
geassut	vetää	V	V
guohtut	laidun	V	V
boastut	väärin	Adv	Adv
movt	miten	Adv	Adv
soalddát	sotilas	N	N
eaiggát	omistaja	N	N
eanaeaiggát	maanomistaja	N	N
eananeaiggát	maanomistaja	N	N
boazoeaiggát	poronomistaja	N	N
vahát	vahinko	N	N
oalát	täydellinen	Adv	A
deaddu	paino	N	N
riddu	rannikko	N	N
miellaguoddu	mielipide& asenne	N	N
muddu	vaihe	N	N
olámuddu	ulottuvuus	N	N
reaidu	työkalu	N	N
neahttasiidu	nettisivu	N	N
gáldu	lähde	N	N
bággu	pakko	N	N
nággu	riita	N	N
viessoláigu	vuokra	N	N
čálgu	viihtyvyys& hyvinvointi	N	N
ovdabargu	esityö	N	N
láhkabargu	lakityö	N	N
giellabargu	kielityöntekijä	N	N
plánabargu	suunnittelutyö	N	N
ovddidanbargu	yhteistyö	N	N
ovdánahttinbargu	kehitystyö	N	N
dásseárvobargu	tasa-arvotyö	N	N
ovttasbargu	yhteistyö	N	N
doaibmabidju	toimenpide	N	N
báhčinšillju	ampumarata	N	N
dahku	teko	N	N
lohku	luku	N	N
boazolohku	poroluku& poromäärä	N	N
eanetlohku	enemmistö	N	N
unnitlohku	vähemmistö	N	N
olmmošlohku	asukasluku	N	N
juohku	jako	N	N
vuosteháhku	vastustus	N	N
sáhkku	sakko	N	N
referánsajoavku	referenssiryhmä	N	N
sámediggejoavku	saamelaiskäräjien joukko	N	N
ulbmiljoavku	tavoiteryhmä	N	N
bargojoavku	työryhmä	N	N
álbmotjoavku	kansakunta	N	N
doallu	toimintayksikkö	N	N
eanadoallu	maanviljely	N	N
sisdoallu	sisältö	N	N
rehketdoallu	tilinpito	N	N
gollu	kulu	N	A& N
doaibmagollu	toimikulu	N	N
duopmostuollu	tuomioistuin	N	N
olu	paljon	Adv	Adv
giellaguovlu	kielialue	N	N
doaibmaguovlu	toiminta-alue	N	N
vuotnaguovlu	vuonoalue	N	N
mearraguovlu	merialue	N	N
sámeguovlu	saamen alue	N	N
davviguovlu	pohjoinen alue	N	N
hálddahanguovlu	hallintoalue	N	N
hálddašanguovlu	hallintoalue	N	N
báhčinguovlu	ampuma-alue	N	N
guohtunguovlu	laidunalue	N	N
riddoguovlu	rannikkoseutu	N	N
boazodoalloguovlu	paliskunta& poronhoitoalue	N	N
duopmu	tuomio	N	N
váikkuhanfápmu	vaikutusvalta	N	N
oaidnu	mielipide	N	N
ruvdnu	kruunu	N	N
atnu	käyttö	N	N
joatkkaoahppu	jatkokoulutus	N	N
oahpaheaddjeoahppu	opettajanopetus	N	N
dárru	norjan kieli	N	N
fárru	seurue	N	N
máksu	maksu	N	N
čoahkkáigeassu	yhteenveto	N	N
sisaboahtu	ansio	N	N
árbediehtu	perinnetieto	N	N
vuoitu	voitto	N	N
eaktu	ehto	N	N
molssaeaktu	vaihtoehto	N	N
beaktu	teho	N	N
reantu	korko	N	N
áššelistu	asialista	N	N
lahttu	jäsen	N	N
stivralahttu	johtokunnan jäsen	N	N
várrelahttu	varajäsen	N	N
miellahttu	jäsen	N	N
lihttu	liito	N	N
mihttu	mitta	N	N
dáhttu	tahto	N	N
boasttu	väärä	A	A
dásseárvu	tasa-arvo	N	N
veahkkeneavvu	apuneuvo	N	N
oahpponeavvu	opetusmateriaali	N	N
čuovvu	seuraaja	N	N
diehtovuođđu	tietokanta	N	N
julev	luulaja	A	N
gonagasreabbá	kuningasrapu	N	N
mihá	melko	Adv	Pcle
linjjá	viiva& linja	N	N
linjá	viiva& linja	N	N
vuorká	arkisto	N	N
sátnevuorká	sanavarasto	N	N
dávvirvuorká	museo	N	N
dalá	silloinen	A	A
otná	tämänpäivinen	A	A
juohkehaš	jokainen	Pron	Pron
obbalaš	yleinen	A	A
dáiddalaš	taiteellinen	A	A
čearddalaš	etninen	A	A
ovdalaš	aikaisemmin	Adv	Adv
geográfalaš	maantieteellinen	A	A
strategalaš	strateginen	A	A
vuoiggalaš	rehellinen	A	A
pedagogalaš	pedagoginen	A	A
erenoamášpedagogalaš	erikoispedagoginen	A	A
biologalaš	biologinen	A	A
ekologalaš	ekolooginen	A	A
norgalaš	norjalainen	A	A
fágalaš	ammatillinen	A	A
lágalaš	laillinen	A	A
juridihkalaš	juridinen	A	A
teknihkalaš	tekninen	A	A
politihkalaš	poliittinen	A	A
sámepolitihkalaš	saamepoliittinen	A	A
praktihkalaš	käytännöllinen	A	A
psyhkalaš	psyykkinen	A	A
gaskariikkalaš	kansainvälinen	A	A
davviriikkalaš	pohjoismainen	A	A
psykalaš	psyykkinen	A	A
gielalaš	kielellinen	A	A
sámegielalaš	saamenkielinen	A	A
dihtomielalaš	tietoinen	A	A
sosiálalaš	sosiaalinen	A	A
formálalaš	muodollinen	A	A
ekonomalaš	taloudellinen	A	A
iešheanalaš	itsenäinen	A	A
bienalaš	yksityiskohtainen	A	A
ovttajienalaš	yksimielisesti	A	Adv
persovnnalaš	henkilöllinen	A	A
našuvnnalaš	kansallinen	A	A
nášuvnnalaš	kansallinen	A	A
loahpalaš	lopullinen	A	A
prinsihpalaš	periaatteellinen	A	A
eurohpalaš	eurooppalainen	A	A
oppalaš	yleinen	A	A
kultuvrralaš	kulttuurinen	A	A
máŋggakultuvrralaš	monikulttuurinen	A	A
parlamentáralaš	parlamentaarinen	A	A
deatalaš	tärkeä	A	A
konkrehtalaš	konkreettinen	A	A
systemáhtalaš	systemaattinen	A	A
automáhtalaš	automaattinen	A	A
demokráhtalaš	demokraattinen	A	A
stáhtalaš	valtiollinen	A	A
arktalaš	arktinen	A	A
árktalaš	arktinen	A	A
negatiivvalaš	negatiivinen	A	A
positiivvalaš	positiivinen	A	A
dieđalaš	tieteellinen	A	A
ruđalaš	rahallinen	A	A
vuoiŋŋalaš	hengellinen	A	A
ulbmillaš	määrätietoinen	A	A
suohkanlaš	kunnallinen	A	A
gelbbolaš	kelvollinen	A	A
girkolaš	kirkollinen	A	A
eaktodáhtolaš	vapaaehtoinen	A	A
šattolaš	seuraaja	A	N
molssaevttolaš	vapaaehtoinen	A	A
vuđolaš	perusteellinen	A	A
gonagaslaš	kuninkaallinen	A	A
dievaslaš	täydellinen	A	A
hálddahuslaš	hallinnollinen	A	A
servodatlaš	yhteiskunnallinen	A	A
geavatlaš	käytännöllinen	A	A
guovllulaš	alueellinen	A	A
guovlulaš	alueellinen	A	A
lobálaš	laillinen	A	A
dohkálaš	sopiva& kelvollinen	A	A
báikkálaš	paikallinen	A	A
ávkkálaš	hyödyllinen	A	A
ekonomálaš	taloudellinen	A	A
sálaš	saalis	N	N
olmmošlaš	kohtelias	A	A
eanaš	enimmäkseen	Adv	Adv
goappaš	molemmat	Pron	Pron
gaskaboddasaš	väliaikainen	A	A
sullasaš	samanlainen	A	A
nammasaš	niminen	A	A
gaskaboddosaš	väliaikainen	A	A
riikkaviidosaš	maankattava	A	A
ruvdnosaš	kruunuinen	A	A
sturrosaš	suuruinen	A	A
ovttaárvosaš	samaarvoinen	A	A
jahkásaš	yksivuotinen	A	A
dássásaš	tasavertainen	A	A
sorjavaš	riippumaton	A	A
guoskevaš	koskien	A	Po
váilevaš	puuttuva	A	A
gullevaš	kuuluva	A	A
boahttevaš	tuleva	A	A
gustovaš	koskevan	A	A
fágaolmmoš	ammattilainen	N	N
rávisolmmoš	aikuinen	N	A
ohcamuš	hakemus	N	N
soahpamuš	sopimus	N	N
vuosttamuš	ensisijaisesti	A	Adv
bajimuš	ylin	A	A
vuordámuš	odotus	N	N
cealkámuš	lausunto	N	N
luohttámuš	luottamus	N	N
njunuš	kärki	N	N
filbmaguovddáš	elokuvakeskus	N	N
preassaguovddáš	lehdistökeskus	N	N
gelbbolašvuođaguovddáš	kompetenssikeskus	N	N
gealboguovddáš	kompetenssikeskus	N	N
kulturguovddáš	kulttuurikeskus	N	N
duogáš	tausta	N	N
veaháš	vähän	Adv	Adv
dáláš	nykyaikainen	A	A
earenoamáš	erinomainen	A	A
erenoamáš	erikoinen	A	A
otnáš	tämänpäivän	A	A
